titulo,letra
Às Vezes Nunca,"1 ContributorÀs Vezes Nunca Lyrics

Tô sempre escrevendo cartas que nunca vou mandar
Pra amores secretos, revistas semanais e deputados federais
Às vezes, nunca sei se ""As vezes"" leva crase
Às vezes, nunca sei em que ponto acaba a frase

Você sempre soube, eu não sabia
Toda frase acaba num riso de auto-ironia
Você sempre soube, eu não sabia
Toda tarde acaba com melancolia

E se eu escrevesse ""Sem"" com ""S,"" ou escrevesse ""Cem"" com ""C""?
Por acaso faria alguma diferença, que diferença faria?
O que você faria no meu lugar, se tivesse pr'onde ir e não tivesse que esperar?
O que você faria se estivesse no meu lugar, se tivesse que fugir e não pudesse escapar?

Você sempre soube que eu não conseguiria
Quando a frase acaba tarde, tudo fica pr'outro dia
Você sempre soube, eu não sabia
Toda tarde acaba em melancolia

Às vezes, não entendo minha própria letra, minha própria caneta me trai
Às vezes, não entendo o que você quer dizer quando fica calada

Você sempre soube, eu não sabia
Quando a frase acaba, o mundo silencia
Às vezes não entendo onde você quer chegar
Quando fica parada

É como ficar esperando cartas que nunca vão chegar
Não vão ""Xegar"" com ""X,"" nem vão ""Chegar"" com ""CH""
É como ficar esperando horas que custam a passar
Enquanto ficamos parados, andando pra lá e pra cá
É como ficar desesperado de tanto esperar
Olhando pela janela até onde a vista alcançar
É como ficar esperando cartas que nunca vão chegar
É como ficar relendo velhas cartas até a vista cansar

Você sempre soube, eu não sabia
Você sempre soube, eu não sabia
Você sempre soube, eu não sabia
Você sempre soube, eu não sabia
Você sempre, eu não
Você sempre, eu não sabia
Eu não sabia"
Mapas do Acaso,"1 ContributorMapas do Acaso Lyrics

Não peça perdão, a culpa não é sua
Estamos no mesmo barco e ele ainda flutua
Não perca a razão, ela já não é sua
Onda após onda, o barco ainda flutua
Ao sabor do acaso, apesar dos pesares
Ao sabor do acaso flutua

Então, preste atenção: o mar não ensina, insinua
Estamos no mesmo barco, sob a mesma lua
Em mar, em marte, em qualquer parte
Estaremos sempre sob a mesma lua
Ao sabor das correntes, tão fortes quanto o elo mais fraco
Ao sabor da corrente sob a mesma lua

Âncora, vela
Qual me leva, qual me prende?
Mapas e bússola, sorte e acaso
Quem sabe do que depende?


Âncora, vela
Qual me leva, qual me prende?
Mapas e bússola, sorte e acaso
Quem sabe do que depende?


Âncora, vela
Qual me leva, qual me prende?
Mapas e bússola, sorte e acaso
Quem sabe do que depende?"
Quanto Vale a Vida?,"1 ContributorQuanto Vale a Vida? Lyrics

Quanto vale a vida de qualquer um de nós?
Quanto vale a vida em qualquer situação?
Quanto valia a vida perdida sem razão?
Num beco sem saída, quando vale a vida?
São segredos que a gente não conta
São contas que a gente não faz
Quem souber quanto vale, fale em alto e bom som

Quantas vidas vale o tesouro nacional?
Quantas vidas cabem na foto do jornal?
Às sete da manhã, quanto vale a vida
Depois da meia-noite, antes de abrir o sinal?
São segredos que a gente não conta
E faz de conta que não quer nem saber
Quem souber, fale agora ou cale-se para sempre

Quanto vale a vida acima de qualquer suspeita?
Quanto vale a vida debaixo dos viadutos?
Quanto vale a vida perto do fim do mês?
Quanto vale a vida longe de quem nos faz viver?
São segredos que a gente não conta
São contas que a gente não faz
Coisas que o dinheiro não compra
Perguntas que a gente não faz, quanto vale a vida?

Nas garras da águia, nas asas da pomba
Em poucas palavras, no silêncio total
No olho do furacão, na ilha da fantasia
Quanto vale a vida?

Quanto vale a vida na última cena
Quando todo mundo pode ser heróI?
Quanto vale a vida quando vale a pena?
Quanto vale quando dóI?
São coisas que o dinheiro não compra
Perguntas que a gente não faz:
Quanto vale a vida?

O que você me pede, eu não posso fazer
Assim você me perde e eu perco você
O que você não pode, eu não vou te pedir
O que você não quer, eu não quero insistir
Eu não quero insistir, eu não quero insistir
Toda vez que toca o telefone, eu penso que é você
Toda noite de insônia, eu penso em te escrever
Pra dizer que o teu silêncio me agride
E não me agrada ser um calendário do ano passado
Pra dizer que teu crime me cansa
E não compensa entrar na dança depois que a música parou
Depois que a música parou, depois que a música parou"
Realidade Virtual,"1 ContributorRealidade Virtual Lyrics

É preciso fé cega e pé atrás
Olho vivo, faro fino e tanto faz
É preciso saber de tudo e esquecer de tudo
Fé cega e pé atrás
Fé cega e pé atrás

Tá legal, eu desisto, tudo já foi visto
Olhos atentos a qualquer momento, é preciso acreditar
Tudo bem, eu acredito, tudo já foi dito
Olhos atentos a todo movimento, é preciso duvidar
Viver não é preciso e nem sempre faz sentido
É preciso muito mais fé cega e pé atrás

A neblina encobre o Cristo e a lagoa se ilumina
Com edifícios de cabeça pra baixo e refletores do Jockey Club
Na outra janela o sol sempre brilha, o risco é calculado
Videoguerra, vídeoreinodoscéus, videoguerra, vídeoreinodoscéus

É preciso fé cega e pé atrás
Olho vivo, faro fino e tanto faz
É preciso saber de tudo e não pensar em nada
Fé cega, pé atrás
Fé cega e pé atrás


É preciso fé cega e pé atrás
Olho vivo, faro fino e tanto faz
É preciso fé cega e pé atrás (Fé cega e pé atrás)
Olho vivo, faro fino e tanto faz (Fé cega e pé atrás)
É preciso fé cega e pé atrás (É preciso fé cega e pé atrás)
Olho vivo, faro fino e tanto faz (Olho vivo e tanto faz)
É preciso fé cega e pé atrás (Fé cega e pé atrás)
Olho vivo, faro fino e tanto faz (Fé cega)
É preciso fé cega e pé atrás"
